x1,x2
0.931976269,-5.287871325
0.452295592,-5.358458009
-1.554051725,10.54212323
-2.859798376,36.11660411
-2.836502595,33.82742294
-2.2950609,17.55828405
1.155186152,-10.28497969
-2.938283545,40.34681283
-2.881550953,33.85091611
0.595740198,-9.898041089
-0.406152224,-4.602982798
0.198069637,-7.069207117
1.042454155,-8.769119427
2.153019569,-2.578613523
2.565736296,0.47641289
0.955828605,-10.234625
2.147413212,-0.993156099
2.108609245,3.376733853
0.158424081,-4.065266463
-1.575207874,10.95213345
-1.446319929,5.902027061
-0.873946733,-4.929278369
3.115811486,5.707809547
0.219797021,-6.218666236
1.227665273,-7.179194029
-0.050361474,-5.447703548
-1.272194469,6.310728384
-2.861924641,27.25409487
0.374181436,-9.839044886
-1.781369764,11.7599613
-2.605334547,24.69650635
1.219089881,-8.028188292
1.155604141,-7.332479322
0.903490425,-10.2749608
-0.468253337,-2.728692837
1.488669344,-2.682726357
-0.956494783,3.633894613
-2.20957609,22.3872854
3.154247978,10.00500784
-2.70966134,32.41960123
-0.683259629,3.092698012
3.268809548,8.142487531
-0.61827263,-0.553758464
-0.378794111,-2.292923145
2.911387154,0.997385139
0.639677385,-2.951236088
-1.957758007,15.41070864
0.209213939,-8.141888122
-1.449312013,7.696352334
-2.395653835,20.77992923
-1.877302037,14.81207213
2.032498753,-4.130753558
-2.687367169,28.74961508
1.783286405,-2.467933033
0.626925277,-1.192771034
-1.204506458,4.784255877
1.996253693,-1.166654273
-1.381759088,6.676991419
3.245831965,8.767452869
2.480790629,1.586419187
-0.472374508,-6.892237555
2.648727509,0.639597079
-0.708003984,1.965436559
3.107272328,10.17210182
2.640764347,1.808940656
2.961448053,7.408560642
-2.227696899,17.75282334
1.539988153,-8.090026212
1.24193795,-7.415654545
2.194440124,0.703098484
0.177719851,-1.888454973
-0.740109864,0.272682796
0.180210113,-7.487965526
-2.464103085,23.67314556
-0.796497008,3.26903825
1.760528619,1.249200344
0.001051538,-3.714019704
-1.738368015,15.3115487
2.004223435,-5.267756184
2.154863031,-1.868309097
1.904442057,1.116063313
-1.501163829,8.478860656
0.809393411,-5.216037805
1.892618309,-5.720556885
2.012493665,-4.119047909
1.428015916,-6.279791868
-2.50927048,27.10971399
0.742655334,-7.569090687
2.480630917,0.54342878
1.250390487,-6.89103066
-1.908877795,14.89108503
-1.548682203,4.383800293
0.319279739,-5.290135789
0.810210489,-8.040913285
-2.814692551,30.84207472
-1.18152452,0.681899885
-0.055412735,-3.108194706
-1.563376849,3.75251328
-0.734861383,-1.639889768
-0.886298474,4.94180388
2.172307227,0.957251265
-1.147131994,2.286132876
-2.863067996,32.22308084
-2.882155216,37.2679461
3.471898293,13.74146462
2.382249255,-3.573599744
-0.613254289,-6.907891776
2.168477267,1.353408136
2.832659656,10.22087891
-1.279337386,4.225212744
-0.839271244,7.023508356
2.978371736,5.377168695
-2.960117506,36.83447431
-1.227561103,12.92584757
-2.360362903,18.2163243
2.043107412,-3.637299262
-0.441242406,-1.168010868
-0.748714098,2.943899484
-1.917955196,14.91866947
-0.128332548,-4.722438028
2.079391581,-4.806207406
-2.387980126,26.73627736
1.144657374,-7.354932577
-2.927737175,32.39046955
-2.876134585,34.04822001
1.601823698,-2.135218628
-2.849600281,29.62336481
0.203542727,-6.33350485
3.339167682,10.11242799
2.716024974,4.227543234
0.66993413,-4.067972538
-2.398464556,23.71700637
1.620428459,-2.54491601
1.886780374,-1.725306558
-0.402787747,-1.298037574
-2.733435991,33.95251981
-0.757816401,-4.628005285
1.536491938,-7.654179899
2.152665494,-6.615603826
3.076520686,5.586087405
1.099108968,-4.125181363
-0.760207947,-4.816187264
-0.83937569,5.770060583
-0.293707791,-0.960203337
-1.993638831,22.55648123
0.479792433,-6.14622879
-2.809226949,35.29645688
-2.767896302,32.20866903
0.510956286,-6.633925289
1.966154762,-9.903285153
-2.478770844,25.46955596
-1.704337888,13.1440084
2.001416994,-2.192041638
2.643572762,6.768689949
-0.155890772,-0.735564441
3.06861286,8.151436332
1.425620671,-3.574613266
1.457169795,-7.968628034
1.881613632,-6.623984848
0.106008133,-6.572201084
0.727633727,-6.474767438
1.252827214,0.629448679
0.052808104,-7.835509422
-2.259628511,24.54742345
0.042649727,-2.307595662
1.712794002,-7.507606411
-2.314754824,22.21272106
3.366494459,16.63470932
-0.5343124,0.018286998
-1.867918024,16.0280947
-2.486008261,30.70959232
2.161764812,-2.129294109
-2.803036438,25.66959359
2.019532318,-3.968138314
3.268685222,10.36905861
-2.812383001,34.88484182
-2.939764013,39.25640605
-2.180534877,23.57324361
1.943844925,-7.191514077
-0.826015971,0.674241894
-0.227202983,-2.990065701
-0.601303248,-0.694270553
2.560499911,2.700869469
2.74012575,3.32641467
0.595303222,-8.841419374
0.495770596,-4.752610195
1.902435705,3.220239345
-0.486643631,0.542380064
1.353296223,-1.039540908
-2.910929169,37.97417825
-2.955262682,37.85440479
-0.194201462,-1.370796694
3.393453068,9.611548417
2.018921519,0.517276879
-2.527380281,29.89356381
-2.763972612,32.30789467
1.314512557,-4.979671058
-1.325401655,10.20789979
-2.186291469,16.68405024
-2.524777398,28.13366489
2.579470775,2.207643217
0.73386309,-4.067797546
0.70730637,-3.377032869
3.192438676,8.078320404
0.402987984,-11.16646281
-2.751765098,31.35780362
-0.773921326,-1.20164738
1.814072319,-7.657454131
-2.178761724,19.82561175
-1.938422894,21.13172541
1.976948507,-8.269762002
1.562537244,-6.241904975
1.970338385,-4.319060595
-1.476258606,8.149408588
-2.989773496,37.30910055
0.421467596,-4.507986111
-2.22331826,22.54010165
3.441929027,11.03089663
-1.23982655,7.239088458
-1.465240584,7.430625958
2.166519283,1.97265365
1.909307273,-1.943172476
-0.620539893,-6.45468181
2.107854779,-3.961337691
-0.752089353,-3.232599779
3.277428044,11.25178594
-1.48651881,7.283677826
-2.337381685,24.78252305
-0.145654531,-7.461794715
0.149896721,-2.917930185
0.742391034,-10.10484747
2.925251304,0.551337865
0.297161228,-6.750010817
0.311472012,-7.917969816
0.468175,-8.863839325
-1.871865372,13.97608383
-1.127961773,1.067521772
-2.433788709,20.28180881
3.230437623,4.45983785
-0.148807879,-8.821965062
1.093265543,-8.582047308
-0.069150131,-3.879657022
3.183126162,16.6575261
-0.370646811,-8.788184593
1.730770139,-1.427995365
1.535831394,-6.954896517
-2.732327677,35.27411725
0.472659855,-2.877611029
-1.877673223,12.22367356
-1.313863685,4.535950861
-1.968899049,8.624954736
-2.468549854,26.52060726
1.705415306,-9.786037536
-0.482560722,-3.255666905
-0.533755227,-0.451787508
-2.453874516,28.65476199
-2.93595739,35.03350864
-0.05951316,-3.676428709
-2.135870541,14.09314753
-0.563999611,-0.064885032
0.50321053,-11.35336658
1.127873765,-11.81980207
2.340423902,-0.371818267
-1.632296463,9.296698278
-0.84583363,-1.069657027
0.230052202,-1.560250983
0.329145082,-1.599758491
-1.740481223,9.58102425
-1.749672154,12.14416759
2.42622974,1.750711264
-2.88271159,26.6244711
2.953624599,9.403937894
-2.995565559,41.56722965
-1.293467068,6.909546103
-1.870613164,12.01476799
0.886215203,-11.44744392
0.766069481,-8.7454863
-2.527266885,29.62912593
0.08118018,-6.625288269
-2.561806947,27.43349342
-1.209680001,3.110681364
-1.465763963,6.804686396
3.448574187,10.8128565
2.622572992,0.71794902
1.850191748,-7.846457176
2.648880468,8.169952659
-0.165475253,-4.41116967
-0.576632384,-0.961800731
3.429267811,11.90617289
1.079984714,-6.134385326
-1.016925963,2.040395894
-2.159358672,24.234047
-2.316713856,20.07470638
2.462322546,0.139349403
2.394963594,-0.590453362
-1.125656396,5.420752412
1.895977198,-0.286214396
2.715112743,6.170228656
1.033246262,-9.73390399
2.882353123,3.478361075
1.305238659,-8.386739771
2.791991184,5.629083066
-1.656833431,13.87528306
-0.484793607,-0.355100872
0.684535917,-8.86836102
2.122259352,-0.35849266
1.030838928,-5.370827229
2.035518248,-2.866745477
-1.028950061,4.204967785
1.078558015,-6.557835221
-2.427822811,24.8260932
3.452387427,8.735278695
0.376749311,-3.468469678
1.76103697,-6.009181559
3.014462051,6.446318431
0.860290415,-0.747368837
-1.296426475,6.2560208
2.171054429,2.461142379
2.898633781,5.529332543
-0.650373274,3.221309999
3.098241324,4.044569117
-0.545872781,1.160917825
1.406054299,-6.433329081
0.46823477,-4.788191875
1.091265425,-5.632050827
1.094179984,-9.495697682
-0.285068458,-7.605066211
-1.026735753,2.278762431
-0.889124617,7.262202463
3.172131641,13.62329949
1.294109051,-5.688799384
-1.259945488,7.319995232
1.466484132,-5.453545601
-1.586215858,10.55004101
2.080617238,0.346158287
2.930390735,4.83859594
0.326126568,-5.881896402
2.632273715,4.385303193
0.961891397,-10.99238676
2.510966452,1.07858637
-0.746058312,0.666595607
1.968157967,-10.8328547
0.659736961,-2.996339917
-1.547958501,10.37506973
1.492655308,-5.815037768
2.576486364,0.879594979
-1.567099768,10.96559739
3.351004988,16.33731375
2.110143995,3.619274935
0.229134734,-3.995738596
0.788359565,-10.55789686
1.892728959,-8.318630292
-0.089183929,-5.957651001
-1.606326709,15.11707523
-0.057745376,-4.359760601
-0.321530978,2.027848262
2.645984694,-0.263584545
0.418877241,-1.812847755
2.573735561,1.446775055
-1.195659986,1.749552055
2.4006843,1.166449533
-2.612514842,25.96262236
2.573707515,-0.041405876
-0.3062778,-1.612969629
3.427429349,10.18395487
-1.130646298,1.823209504
-1.247304867,9.176683775
2.492059917,0.990157328
1.321931134,-0.887837049
-2.723265915,29.56296449
0.991921441,-4.322870367
-0.052344566,-0.325416714
2.585094766,-0.900336198
-1.461453267,16.00083708
-0.205716114,-4.824472223
2.861707059,-1.116115101
-0.874781079,1.111693321
-0.051373082,-11.26064846
1.099017074,-6.083905086
2.726263365,5.988249031
-0.14652228,0.231100003
1.877728537,-7.666481119
2.27768257,-2.482121448
1.427076382,-0.786738884
1.998572984,-3.805085026
-1.777925612,15.52147299
-0.533624902,-4.941902012
-2.886977127,34.76157019
-2.222063755,24.56098564
1.46894422,-4.707992516
-2.607289695,26.50228963
2.310268999,-3.193915756
1.639724308,-4.387240341
1.480552685,-5.481818683
2.668735239,3.196411165
-1.753284613,19.81932494
0.168246175,-5.982316916
2.828059195,6.751402501
2.233923867,-3.746501708
2.151994407,-3.284228981
3.231428028,8.523507859
-0.328229846,-0.092468191
-1.059367847,-0.665579714
1.951336572,-7.139299451
-1.044792745,9.047972519
2.376959395,-1.015882599
2.901856053,8.304855927
3.493661125,18.6321126
3.195719084,7.269676756
1.791533104,-4.672903995
0.556462483,-8.85421288
-2.171109563,21.63300398
2.718061855,2.180193069
3.116528897,7.956639313
-0.896257997,5.386016146
-2.494341152,29.49924356
2.27032896,1.226881091
3.062831939,5.678282341
-1.282387146,5.725289564
1.137529917,-7.515206954
-2.277840545,23.33476606
1.113592764,-11.76320005
2.389686734,0.106576867
-1.418003046,5.152312956
0.172880245,-5.074460569
-1.82676258,18.32417724
-1.634200949,10.40818951
-0.38194558,-3.473685271
2.956169062,5.874764128
2.591236945,3.257094055
0.190928381,1.51167609
0.104037962,-5.173234432
2.01879167,1.665674637
-1.839975167,13.37989164
-1.502331925,13.11815519
-1.693240458,4.65033461
-2.637664894,27.0969138
-0.565129367,-4.858213463
-2.513755754,28.41665671
-2.662961946,31.35673765
3.49695489,11.62364715
-0.356901735,0.321245987
-1.39047522,4.731512647
1.919582266,-5.783654588
3.453323276,13.37248687
1.72249727,-8.340478442
0.394832758,-5.150408122
2.21854455,0.44828586
0.524673778,-16.0648936
1.679567277,-4.433318619
1.684952793,-2.629874805
0.588454016,-6.620849347
-2.597805147,28.72072345
1.248180146,-5.619124575
3.217343575,8.202368323
-2.037646233,12.9114883
-2.919617546,35.53979505
2.912461864,10.46726778
-1.083772429,3.013947144
1.616089301,-1.339438971
-2.278715565,26.97480316
1.020821948,-1.077233824
2.929860809,-0.100399021
1.126931059,-4.70728965
1.383241737,-1.43656098
-1.897208425,12.2828287
2.53673747,-0.179224448
-2.930887717,31.88809757
1.0591987,-6.586796632
2.559838689,2.739473105
1.549630919,-1.231142602
2.542272404,0.291729552
0.374798739,-6.238307591
0.664352299,-12.54099702
2.030479637,0.786380788
-1.589367079,10.19070234
3.210448862,5.769672922
1.939235737,-1.363316654
1.081168102,-3.224359519
-2.213424276,23.31216327
1.644169082,0.438085501
-0.308527462,-3.871917584
3.036811089,5.27462304
2.134107018,-6.298017758
1.249655205,-3.485397464
-0.916402269,2.01578522
-0.451227605,-3.297428695
0.84101882,-4.909880542
-0.207230887,-5.423288665
1.185241773,-10.54511403
0.567552914,-8.760568013
2.072309264,-1.113031967
0.516140922,-7.482321202
-1.801007995,11.21419829
1.62932448,-3.651446642
1.233452899,-10.61736104
0.656245356,-2.525747001
-2.600271004,25.47564057
-1.232023542,9.487222186
3.058593613,5.656848925
-1.170307947,7.894516073
-0.263861231,-3.575426264
-0.858336841,2.326526718
-1.245682497,1.921421661
-2.010166569,15.06023235
-1.981587082,12.35542494
1.356865357,-9.309045153
2.24459558,-6.177888709
-1.190226363,6.274898124
-0.027763588,-1.92628248
-1.963471373,20.62760486
-1.331420795,9.579270981
0.896338121,-2.821523849
-2.143638559,18.30042664
2.499662623,3.702139653
-1.193868216,8.215893905
3.099401822,7.91765319
0.29243444,-6.008588474
-0.061058346,-8.192153513
-0.587696046,-2.784728284
-2.055862223,16.99992632
-0.198186432,-2.571407341
-2.299329218,28.5084389
2.605586966,2.997976311
-1.798716708,13.54103754
-0.545866004,-7.617139774
2.258814205,1.825686265
0.654357999,-11.44004782
2.434304097,3.995802308
-0.247634529,-6.299206913
2.758048513,0.916064981
0.351173864,-4.4161406
-2.641728186,23.82955052
-0.352380307,-1.804388087
-2.02853053,19.09218501
-0.983636765,-1.000129923
-2.080698959,18.30614869
-1.93658166,18.96700042
0.454720239,-8.902141494
-0.798870865,0.543834447
-1.127161747,2.974867004
-1.155369023,-1.332217897
3.417563579,12.62779295
0.901850172,-7.22127314
-0.898633158,-4.11698662
2.945329126,8.329108326
0.410371502,-6.882980202
-0.389029977,-1.808266154
-1.090065431,5.578988632
3.214411837,8.706665325
0.332551193,-2.467634583
2.868974517,5.631636184
0.156901867,-8.579442665
-0.898651207,3.889627816
3.388604107,13.24817516
2.756797223,8.66343819
-1.379221847,9.829109662
0.248139099,-9.486720709
-0.140704956,-0.547477996
1.627113479,-7.225710874
-2.232287169,16.93934683
-2.948428753,30.76619308
-0.390210017,-4.347657172
-2.697652666,33.72218916
-1.121339101,5.002029513
-0.338698724,-9.109233021
1.611347586,-6.525993504
2.31869072,-3.159723983
3.360904559,7.088785062
3.178259345,7.44453335
-0.245067081,1.339172762
-0.717739995,-1.128769466
0.884662567,-8.516273384
1.060495816,-8.551112724
-0.04326941,-4.343327379
-0.40972914,-0.988089453
-1.959440695,22.00227146
-1.360153768,8.341438924
2.322690483,-0.601536517
1.982198528,-6.003839313
1.444690914,-4.804579266
-1.354735572,9.16617606
1.491823104,-2.122688713
-0.892951882,1.313003359
-1.839610289,16.49105686
-1.158940297,1.884707834
-0.233450788,-3.192590636
0.094121078,-8.111228485
1.042330335,-6.718479829
-0.764221261,2.316040005
0.036067234,-6.672190906
0.873190835,-12.62565587
-0.971189692,3.67605572
2.639949554,-0.849757598
-1.127429686,2.411183116
-2.823306656,32.62792388
2.161198937,-7.466802526
-0.705103497,-0.542862678
2.436607717,-0.861237396
2.273243149,-4.304444526
0.850720314,41.03843045
2.979928242,53.36474299
3.969373949,47.98595516
1.195757198,44.3364189
4.570354326,35.92272623
3.802882884,42.81406127
1.648256004,51.83485722
3.626885245,49.66691367
4.248328508,44.62999749
4.939457883,31.03462954
1.122470717,48.31328446
4.503687592,42.77492839
4.228774078,40.66903461
5.223144659,33.25776067
3.272191025,52.40121897
0.286276952,31.37390222
0.364633251,36.73776361
4.480889774,37.68987426
4.46325402,44.1886381
3.147442934,59.55355038
5.084478418,30.26515752
2.951055376,53.97918875
1.810425503,52.52700882
4.209815808,48.57220716
0.596995867,43.05426065
2.619768808,50.97956153
1.037439977,45.05623595
0.578641115,44.46667827
5.252537357,24.73680038
3.604227662,49.05671044
2.423116792,51.97649031
4.00569628,46.78284405
5.024097683,28.36763313
3.719017764,50.40707804
2.094897081,56.802009
3.749141894,43.87508091
3.941374759,43.9937049
4.050159207,43.3671301
4.413072419,40.45918653
1.291906487,42.70786053
1.241191911,45.95696314
5.459071475,21.35323196
4.740798549,33.59079179
2.6402464,58.47907392
4.924361217,32.98244697
1.055481249,45.60368277
2.16116248,53.70346796
3.297861278,56.55426909
1.235926318,45.87484014
2.928582955,53.49603146
1.299221133,48.72544975
0.547369063,40.95033744
5.036838213,31.8870856
0.4263553,38.49711554
4.962208809,29.29989176
3.749690977,45.73595906
4.630767608,37.78566328
0.30877564,34.82444296
0.744476144,39.93537209
3.907608968,49.56241414
3.312869562,51.42597464
1.999644841,54.50182319
0.917921844,54.13095027
4.776750327,35.09760315
1.301394266,50.20727116
2.171968629,57.37810442
0.557066857,40.58498381
1.103898821,48.37717591
2.37059727,57.70993754
1.28638906,44.07089545
3.1957992,50.33933066
2.824227137,54.41064992
0.864857184,38.65776375
0.501016651,35.26555047
2.865900915,51.51762639
3.457646854,46.44158288
4.817850817,31.49699842
2.75793045,56.40026823
3.03370246,53.49782193
0.050349988,32.68385075
0.392965953,44.72848625
0.668620033,37.05655682
4.359572411,47.23807535
0.824683584,44.79472701
4.895347618,31.71169332
1.60116246,52.69011251
2.948621368,53.1732733
5.12262865,30.14201771
1.723905877,53.91288182
1.547485594,48.87438897
4.734973617,30.50299494
0.657358275,34.54048264
4.094983363,46.07640988
1.001297802,41.1186689
0.254275964,36.79134368
0.496273737,43.80504819
2.239577618,54.88199496
3.72955281,48.60374256
0.218134092,38.05683229
4.712616401,31.96255408
0.070890456,33.20099341
3.350877418,54.35408035
4.874290959,30.01658001
5.045127248,31.61981618
1.820409164,49.91835323
0.096233484,33.15299589
4.698199405,35.78117173
5.486599322,17.38602625
2.125853643,52.37926764
1.604235746,55.74969344
4.873328903,32.05206046
1.745799983,51.7495558
0.474051394,44.93276197
3.3795015,54.72708128
2.115648833,58.41297227
4.90393359,27.69687919
5.059820633,27.47723637
4.218467353,43.97629029
1.83736739,52.59825122
4.887242278,36.05506792
1.611577148,53.12800406
0.351324176,35.58203987
4.16603496,45.50944948
1.464499579,52.73441056
5.358529275,19.85350254
0.842698899,46.22368305
3.201820677,49.05283892
0.4762542,35.18516569
4.873937839,29.63741569
0.099104913,34.47408722
2.085734042,54.43279373
4.628088421,42.71419887
0.036234783,30.8002303
0.662957231,37.64767695
1.664544377,48.09702654
2.72361141,43.9819635
1.969463913,53.63721785
5.039433974,32.53654512
0.859774543,43.86024801
1.359697816,52.09552093
1.169549518,50.25067396
1.636916042,48.94307275
4.285913853,40.06020427
0.800814488,45.57685453
2.304860818,52.87336365
1.46058085,48.14645735
3.053710603,50.30276943
3.474387506,53.62800648
4.437586224,35.93994519
5.300162229,23.23460548
4.088947352,47.85604771
5.205060168,31.2827145
0.351158048,37.39076536
0.882031662,40.95234797
2.539525677,54.25020735
2.038649604,53.9354174
1.43047099,49.61296349
4.570147693,36.86108738
5.012150037,35.17649114
2.981572978,55.41271543
4.589301157,37.43270616
2.693429137,51.64661622
0.011555682,27.0109857
4.991291747,28.74229402
1.425394261,50.463982
4.84369018,31.44660542
3.121955115,51.68371443
0.030583665,25.08693224
2.363768602,51.59056225
1.059436605,44.21750673
5.289391792,25.93730221
1.979146568,54.52558042
4.880868381,32.28858105
1.734826338,52.34791588
1.19577495,48.02548712
4.435997228,40.03270356
2.069767863,49.47344124
2.650716283,50.61732086
3.03294632,49.16257031
2.199398044,59.11979567
5.276669105,25.8977126
3.26004076,51.44469139
5.358007331,22.73952881
4.90195014,28.01336419
1.77337496,53.00220469
1.605760749,52.77141552
5.49249061,19.96080077
5.182460129,20.76234205
2.590549525,54.58292605
5.191217929,17.86506658
2.329953328,56.24830627
2.182183532,51.5494949
2.413551191,52.34113016
1.575363187,49.0427553
3.78967654,46.56536806
1.518410923,53.68716646
1.884734954,53.53522431
2.899493373,54.7176546
4.762534198,36.67389911
3.578740296,47.6460368
1.430283761,49.3752964
1.799774192,52.38386915
3.002070763,51.27354123
4.323175022,40.0204214
4.157157334,41.71338976
3.601741451,45.36134659
5.22898618,21.81700732
5.269185207,23.25940507
2.571016803,55.08585562
4.059984671,43.80185083
1.57541986,53.24348638
2.974274166,53.88455286
2.195460526,56.78458045
3.602083252,53.74232312
2.752230275,54.2205964
0.482670785,38.35940169
4.509314518,36.46587798
1.66757274,53.09092737
3.309208209,43.12741054
2.134236383,54.36072623
4.238771051,41.88587186
3.504470978,52.84285144
4.739686312,31.86211108
4.730194254,37.57067352
3.400919585,54.80293511
2.702583012,57.85949312
0.254197627,38.7606953
3.520596425,48.89176335
1.670076705,55.84316145
1.386275857,56.50492341
4.47312037,43.13802551
4.393345893,38.19255093
3.996257695,49.38130565
2.779047248,56.46369184
0.173298629,30.60670035
4.770789314,31.90574568
1.429283181,54.79753229
2.862082977,53.53146979
1.24617846,43.96967786
1.24177596,51.09816214
2.265276119,51.35573584
4.416206298,43.62576001
3.378530835,53.53582018
5.173442987,27.07213318
1.147134715,48.93058072
1.691844751,54.93087973
1.095565124,47.73825203
4.40143434,44.09844423
3.913735003,47.50450604
1.497918048,52.42591849
5.303716009,20.5056633
5.066138643,31.75307278
3.719919681,52.80233299
4.81066339,40.12350569
1.503272543,49.79169001
4.64818468,34.97401317
1.464953307,55.06472869
4.170018374,41.1770526
0.549967095,45.05462412
0.310154333,37.60652723
4.901643611,29.76990287
0.424944607,39.24591968
1.232130879,48.58275859
0.14608194,29.89723921
4.484664749,41.36064922
2.565624204,53.46641166
5.41339003,18.66663895
5.28709218,26.61189903
4.801032488,34.452161
4.624404307,35.70409629
1.477857276,48.22205626
3.002518485,56.1161932
4.57991984,37.0283341
4.64521542,34.47912767
2.97608732,48.94909832
2.560346848,56.33858112
5.45094395,18.67565609
3.949424343,49.84182528
0.546446874,37.74015323
2.438001124,54.06189843
1.285210568,53.47219335
0.903794053,45.30168464
0.063367024,29.21374796
2.209600707,57.98933234
1.984486951,50.87205889
3.434658594,51.21386478
2.595113195,54.55778658
1.470277604,51.89831549
4.099352798,44.25825142
0.710527427,43.78582154
4.454090978,38.58781582
3.009095326,50.78741335
1.343850506,53.10315419
2.864819716,56.83314442
3.135204912,51.78319738
0.572706553,43.73210651
1.494242445,47.07968492
4.713745855,36.62726909
5.232111495,27.99922319
4.524225386,37.71615314
1.131609625,48.06610798
5.179410316,23.76629443
1.666580297,48.10229606
2.31498078,55.30129733
0.22351701,32.45670297
2.487384442,56.72332014
2.214819749,57.06632527
5.176795498,25.44606624
5.0475098,26.04996689
3.551759393,50.91591062
2.294019609,51.29723911
4.461974652,35.72960789
0.191381086,32.23618136
2.960279877,55.93352266
4.956107223,32.01957371
3.654445859,46.83437078
3.894534271,43.786853
0.13610145,36.81303046
3.008384992,56.47986779
3.798485535,45.906653
2.450259679,51.30970377
4.944054883,31.5590336
3.467390546,51.69031587
4.813087222,35.09552627
4.48147493,42.46378838
0.740524561,44.69896517
3.25363907,56.87853038
4.30531412,35.43151995
3.531318561,46.04043579
2.629803979,51.09529459
2.243481091,54.77320443
1.513215116,49.19491033
4.08481025,47.70239619
4.833198295,33.13605509
4.939464634,28.96404351
4.209807997,43.82926807
5.349887102,16.24813315
3.881563761,46.47321776
3.984705328,47.85936876
5.166364924,26.31920859
0.369293657,37.70003172
1.976685571,54.45060114
1.94748721,55.98502894
0.377045983,35.1506664
0.229308043,34.35063593
3.56511466,53.36416751
2.525875633,52.95294491
4.821144252,35.18892876
4.751810197,35.58877957
4.528883454,37.90538639
4.83786106,32.11815334
4.363157865,42.78038182
4.178430318,45.35891207
3.889512647,42.8629293
4.010231541,45.44386234
3.476622792,53.47937572
4.256230223,40.34707331
1.441623689,50.7886482
4.415921842,40.4610991
3.088241613,54.43956156
0.370334201,33.04771745
1.772044057,56.27194735
5.157134122,22.67855186
2.680042245,58.25540822
0.231732761,38.61990578
1.027087418,44.52297341
2.197041398,58.74447744
2.975484503,53.62985224
3.522728095,50.90974846
1.319940599,47.44287047
3.692307284,52.44301686
0.994361848,41.24820593
5.076049352,23.68271972
2.500223891,55.50536265
3.373495593,49.72168515
1.094662487,46.72220542
1.826016371,48.08895728
2.887494315,49.54103874
4.362643066,39.16544033
2.988315479,57.89747149
5.472408596,21.85412776
2.443715032,54.96339951
2.567388866,55.51282237
5.33114279,23.36722647
3.507371117,50.98543752
4.494463329,41.2807178
2.191446822,54.15727618
1.478892665,54.43612059
0.984785186,45.90616345
3.452351421,53.09623141
2.293406814,47.02113915
2.046409752,47.89612685
4.499378763,43.49582791
4.267931935,39.60136633
2.009849069,57.78990798
3.192455577,51.01193837
3.434497107,52.2768171
0.148080743,34.4526555
1.449443881,48.03551165
3.428507614,53.52890224
1.46519934,53.57798762
0.013709006,33.12925099
3.863058793,43.70407347
4.281925253,48.05042302
4.194725579,43.70238353
4.990165195,32.84902378
4.858427068,31.32289072
4.278173792,48.50445701
1.369799845,46.1041885
4.838959261,30.76754175
3.48406144,55.59435811
5.392494289,19.20728896
5.338791667,21.78249108
1.715332197,53.50063472
1.58337659,55.21936637
0.471732886,46.05643065
2.60526661,59.31500977
0.129192352,30.68774314
5.176447729,23.34444791
2.228933435,57.29132064
1.151382745,48.97643603
2.60723936,54.58506703
4.660746084,36.654278
2.120557385,62.75110507
1.511080587,54.57054568
2.134692788,53.28451145
4.622630202,36.12577715
1.796632379,50.68742436
0.838219217,40.48374844
4.049297966,42.51026651
4.862742638,39.0601454
3.257176679,55.58123815
0.5873432,36.63506027
1.275349658,46.93224205
4.390631756,39.77738726
3.727963983,47.83353742
3.629152571,51.7333773
3.416589114,53.89055466
0.034999718,27.27355699
0.360825685,37.46598314
2.810664167,55.71041626
0.113320292,33.97093816
4.241206744,42.46170355
4.071808017,43.59551715
3.476658184,54.30826478
4.243868265,39.20289373
5.049412394,32.36494209
5.36239401,19.91639155
1.052584132,56.26539391
3.813463608,47.17861894
4.212373286,42.15781502
2.017699759,54.34130393
5.143589275,29.18320126
0.801797688,49.96857434
0.384558564,36.23637109
3.095338905,53.4961499
4.992533492,29.8521291
3.830627334,46.96880963
3.65010769,45.62249325
4.312092779,40.32625962
0.573010114,36.92582433
0.798771467,45.9064743
3.256857807,52.45485159
2.898480999,55.55982587
1.685355813,51.42583876
0.40090234,39.89901642
2.798772221,57.88665443
2.488702203,52.64118931
3.927244712,51.28934969
5.100643831,31.32931132
1.756407173,54.3966454
5.255749653,25.82202548
1.202647477,43.78999975
1.8249948,51.95829731
4.20708066,44.28549853
3.447626643,51.18791213
0.126846522,30.8442092
3.408391098,55.74132809
0.757174841,40.23658842
5.132561398,22.13509818
3.820233341,44.44206325
3.484007774,52.56313818
1.511210004,50.69862136
4.024579023,46.39701906
2.163528317,51.26256389
4.667692884,36.19574716
4.539441578,36.89098439
1.298539737,48.24171412
2.408424399,52.54173038
4.800467957,37.08839738
0.11679504,32.77355042
2.056010402,56.87909096
2.599935939,56.89320611
3.654758348,43.44550469
1.986414491,54.45670424
2.69015858,54.48826852
5.006175148,28.99308628
2.409843766,57.23660919
0.105777817,30.67403935
2.018043584,52.62353075
3.329199247,55.99555081
3.550752771,49.35444959
1.559466237,53.19078456
0.290041135,35.18975864
1.589522669,48.08453992
1.500674224,46.60495045
5.437925549,19.01636166
4.415016155,42.32198621
4.415510024,40.39103183
2.777961641,57.27983748
3.587652036,44.33402556
3.150907054,49.41532836
5.128625888,28.08669036
2.204248561,52.07227864
0.498739178,37.23561671
4.678281316,37.45873083
0.158902265,30.86384088
5.008041855,31.54565747
0.395072475,37.68739919
5.007381971,27.71114747
5.009559457,34.0278122
3.53418686,47.19584297
5.383906842,16.51627659
4.418712299,39.12128359
1.70443503,48.83200749
3.225236159,52.01548247
0.533487933,43.86897063
3.404208377,48.31153615
2.842197778,57.48365483
3.009750506,57.55895082
3.460039327,53.29838797
4.046676245,51.70966358
0.135980953,30.24520803
2.353967553,53.68251345
5.26206879,23.23084452
2.813518775,47.08332564
3.912982677,48.7033465
0.397931662,32.76515342
1.728955986,54.30487997
4.018714089,41.81958828
0.563560912,36.76375325
4.852241379,33.94951148
5.278155679,22.09761765
1.880721476,50.61431416
2.298186579,51.22190979
5.018027483,24.25159415
2.063385079,54.88297268
3.763320418,45.73453643
2.734258892,54.22600368
0.322478597,39.67833737
5.258790378,26.84341751
0.767029197,43.76971504
5.390034734,15.22040019
3.14200795,49.97958878
1.237259856,49.06194081
1.17287349,50.5294049
5.328755726,17.10849706
2.303756742,52.35553552
0.666933829,34.06409221
5.230321263,19.62951784
0.941838556,48.90717782
0.899776853,44.12369974
0.833683497,45.78451398
5.001122867,30.21328068
0.773189621,39.4509198
0.783420726,38.23294545
3.042596879,56.08742761
2.310744895,53.02569699
5.316905931,25.07020359
5.305996379,24.93319091
4.31342382,40.58545548
2.455519978,54.42357579
0.227568381,34.32578399
0.455404083,44.18632704
4.503340784,39.31990994
3.395497971,47.65966416
1.630744042,49.96417055
3.223042084,50.24598598
1.994754473,50.57285961
0.099126398,29.50529253
0.166224348,34.70988461
5.036384205,31.36502066
0.729805593,42.20024797
1.18675558,52.27988985
3.446685819,50.99204436
4.195890294,40.68827562
2.257023441,53.62453827
1.529679001,55.40438575
4.831246768,30.90077024
3.707105403,52.55129407
2.618736709,53.24895756
0.26084136,30.27975062
4.972719462,33.93775191
4.163595567,44.48491559
4.907138878,32.95493
2.341489765,55.2203189
2.725352243,53.07728095
2.482593738,52.28440102
4.879955612,31.45082496
0.74381418,43.24359993
-3.480156307,56.70993215
-4.3151535,62.36225851
-3.866872463,55.91434829
-3.770601259,62.84030035
-4.427531947,58.77428522
-2.444101772,55.10621697
-2.825898478,49.17263325
-2.477539842,55.28054774
-2.042955227,60.76486511
-4.247765519,51.72899909
-3.424587845,54.73991059
-2.793104959,60.13156854
-2.35833815,57.11209837
-2.833561786,58.95889138
-2.356120729,52.12889289
-2.866008508,58.56856945
-5.916151581,61.51289852
-4.164772834,55.01528748
-2.175939695,58.06462504
-5.031934589,61.47594218
-2.065747176,55.05450304
-3.406394673,47.22455037
-2.766014191,52.10069887
-1.879062723,43.42561036
-2.84552,44.21297344
-4.879793782,51.42956133
-2.773558264,58.49374381
-1.485917228,52.47559247
-3.800863639,56.81303664
-1.660083874,57.4893704
-2.236747341,53.91532096
-1.816128152,59.04827444
-3.900635144,51.32674385
-3.819100554,45.77417445
-3.509412752,54.27129406
-4.041605462,52.63204332
-2.320214748,56.28758225
-2.31176669,53.46665027
-2.435386742,53.26882505
-3.344872087,46.89973848
-2.906435262,53.07014835
-3.298595159,55.75651739
-3.538761449,50.60779155
-3.169749822,56.00338355
-3.278653481,50.65986397
-4.17866665,59.16287864
-4.125001295,54.33812612
-3.246131678,56.54828204
-3.36314091,52.59091996
-2.258937151,55.86915481
-3.29580852,57.78496367
-1.581404395,56.24154395
-2.238112894,65.6956424
-2.769689544,53.02055943
-4.588657127,68.28138795
-2.195639536,55.87794117
-2.59607501,51.34623105
-1.857041826,55.55559544
-4.220674864,60.33654886
-2.269638301,53.85655015
-3.127922255,54.52360375
-5.298050814,57.25733146
-1.702407199,54.74927492
-2.136785191,55.09630381
-3.516397505,64.19470829
-2.571470214,54.51965564
-0.528172441,47.85779398
-2.783038468,51.32656646
-3.270253144,46.56356377
-4.167142535,55.62608634
-3.481753264,63.06971994
-3.334859737,55.83241717
-3.516776675,58.70009741
-6.072434536,44.48695927
-3.903103642,51.15362618
-1.140751,60.84779474
-2.934761694,53.17681935
-3.957412851,61.57443863
-4.79538197,50.04069216
-2.212100862,57.98327646
-3.401902534,60.20612104
-4.230910973,55.00841864
-4.039268635,62.33539112
-3.712978623,54.85599687
-2.513839311,63.25751306
-2.79820447,58.00952843
-4.046036681,49.278497
-2.29107488,57.39754258
-2.106072292,54.45348729
-1.744934676,47.55423278
-2.013232543,56.63817447
-3.696273259,59.4453392
-2.122082436,52.57409397
-3.813770583,49.93590243
-3.144681893,52.3947657
-2.92094488,54.32977462
-2.906996668,62.03800943
-2.771243508,55.49599898
-0.093986756,59.36984155
-1.768570715,66.24555108
-3.00410864,54.67682443
-3.387946526,52.13835177
-2.02165613,52.29071151
-3.071031136,55.7006802
-1.535038457,64.58644572
-2.415965248,60.01894536
-5.275823096,52.26888518
-1.924854759,53.45932885
-3.517200231,53.58807278
-0.680139609,56.51686291
-3.181638995,61.21244356
-3.109904749,60.50664838
-0.668337702,49.02576827
-4.496000595,59.9389906
-4.290379488,56.27870654
-2.737992951,58.35771902
-3.133144971,55.26683022
-5.709976395,49.87518868
-2.590227621,60.77104667
-3.203875641,52.90355697
-3.434470239,49.69284299
-1.187722023,58.94686221
-2.686976831,51.93527393
-2.70814615,52.79855731
-0.641257604,59.13102882
-3.417266287,53.81941275
-2.801929381,58.67578049
-1.931227082,57.08190819
-3.451852337,55.73724787
-4.346736886,56.84046002
-2.12377615,54.51026428
-1.471404196,58.55551149
-2.583684466,52.19894378
-3.428268213,58.03310463
-3.573529999,52.92014938
-1.71643103,57.83105754
-4.506013739,54.06587973
-4.432446635,52.70385236
-1.907351076,54.10107342
-3.050206384,47.19142013
-1.769223846,61.44194108
-5.320736867,70.78867168
-5.043334806,56.89009151
-3.4560843,56.2033265
-3.064248621,50.76270936
-3.144687431,56.72648945
-1.998516235,62.58734549
-2.285435821,62.07949371
-3.665451997,50.6805012
-2.969333367,53.38005227
-2.595049738,49.70207553
-2.935559664,47.46891192
-2.793788635,55.30400006
-3.353588538,49.99265708
-3.217802404,50.27556797
-2.140702814,48.38840478
-5.791998878,52.9243316
-2.010564121,51.98798823
-2.860120784,52.21095708
-2.246751164,55.17857864
-2.276905045,49.75350845
-3.392533861,54.8046234
-2.774587223,61.60271167
-3.676780654,53.80822276
-0.758860879,56.31370584
-3.476862216,55.58719326
-2.155743542,54.59671019
-3.273154946,65.12974858
-4.453519881,56.15349419
-3.262224632,53.27782603
-3.296629783,53.38766491
-3.656517318,50.45150901
-2.400475991,52.84151555
-2.366660554,56.69858281
-3.086743509,56.27496302
-3.128344942,57.87415924
-3.976942242,56.86787241
-4.035605839,53.98471574
-4.252967607,44.8366905
-1.79598088,51.82413775
-1.670679284,61.35711546
-2.455724257,52.72633971
-3.116126559,67.01734586
-3.953944729,56.06676604
-3.162007202,55.34889386
-3.232401075,58.46028293
-3.138652399,55.76516856
-2.242491312,57.9288331
-3.934804258,56.18537521
-2.432299453,51.07651283
-2.674936996,48.6921719
-0.878447304,58.78724267
-2.782540871,59.82561925
-3.874843652,46.45217951
-2.275228873,52.37498824
-2.792288542,56.41030542
-4.618978139,51.67851701
-3.126227888,48.18373335
-3.07347238,55.05157121
-3.579433004,55.97260299
-2.243654178,63.74201294
-3.909230552,58.17205384
-3.46161711,54.2266027
-3.49713946,54.95534312
-2.763046081,56.94991143
-3.510816591,53.98864888
-4.456692662,59.28667134
-4.497470308,58.32159868
-1.177658795,58.58683787
-1.661337541,51.35052832
-3.310995681,56.67733196
-0.09924126,50.83951255
-3.968484384,45.46239188
-3.299921296,48.68614814
-2.901450089,53.22174448
-4.393194389,54.51354217
-5.078227061,51.96659787
-3.346698621,54.59692697
-2.334747333,49.91018765
-3.913248929,48.79756923
-2.560092477,60.33288285
-2.469944942,55.75988408
-4.239992939,54.21488147
-2.686808532,59.94829736
-2.555678688,49.69110648
-3.107272442,49.15370699
-3.227877504,57.80471664
-2.459876421,55.05169804
-3.699748399,56.46083636
-4.322417191,59.9966213
-1.096069676,60.60405901
-3.235384537,57.530126
-5.217400754,55.43470361
-3.150245967,55.19192318
-0.830469846,51.85846878
-2.874973739,62.63249697
-4.673025923,52.44275592
-4.748961173,61.79302052
-4.045545367,52.17411953
-1.848360719,47.17389483
-1.878366032,50.85996438
-2.962848919,53.87861859
-2.663173149,58.3014824
-3.590105295,53.89411731
-2.316778338,52.49515433
-2.175044257,64.85803278
-3.782691105,53.26840001
-2.967526093,50.94743182
-1.628108318,51.42811786
-3.88648993,49.95281959
-2.689221361,52.46515824
-3.397472702,53.86146772
-2.786796759,58.52036854
-5.139189019,52.35852091
-4.262702753,54.01679219
-3.691382802,54.13683828
-2.350034425,60.16431081
-2.732014855,58.47884862
-3.561905605,60.98607395
-4.846201089,52.34915833
-5.306653063,56.6358415
-3.831300241,48.61097649
-4.001839838,58.27612503
-1.894884735,62.578381
-3.924297912,49.50698639
-3.31163163,57.41324742
-3.500471178,63.03935666
-4.285397362,55.96493592
-2.299819675,55.87280201
-3.245029195,59.32320974
-3.420192986,45.41902903
-4.818091028,53.40094412
-3.262070486,49.83738391
-3.131474538,57.47563299
-3.951722155,60.84053111
-4.072561094,58.45760403
-2.873478907,49.2799582
-2.16308549,62.7995482
-2.980616994,59.61961027
-3.042520521,57.82789377
-4.167166199,45.69390647
-4.118654362,54.54492095
-2.250008509,56.35964165
-2.814471669,49.21016691
-1.97733562,51.49655391
-3.30999515,51.32336983
-2.436609114,63.69111796
-3.041721907,60.87227509
-4.805737003,57.10068219
-3.283785007,55.49849157
-3.30941288,57.40218257
-1.375616562,51.0048296
-3.878307244,54.81560133
-3.227011778,53.84961655
-4.151671653,58.55995657
-3.178247286,58.46328888
-3.838724438,54.05286494
-2.342727746,50.34392001
-2.42686106,46.17987791
-3.341729699,54.81579688
-3.089170785,55.60159646
-2.893878466,52.40481099
-4.454271486,51.33533719
-3.729047016,52.83828396
-2.933529917,49.37764414
-3.414072739,55.03788176
-3.600042339,51.18091069
-4.489543865,50.43143011
-2.78321429,52.3349888
-2.980642302,58.03958476
-3.297455342,53.31071055
-3.273392895,57.74176992
-3.316458914,54.36260463
-5.022380475,57.40952082
-3.493456574,57.60234165
-3.840902242,59.05273108
-2.280259241,58.81179572
-3.36964364,52.00630057
-3.619544032,57.58880364
-2.492954766,45.97402741
-3.00385297,58.98615537
-1.575343162,46.24648219
-4.323818227,46.64725618
-4.737672638,60.52885305
-4.09752548,55.1874719
-4.899468661,51.80047973
-1.813903591,61.37244648
-3.740466801,54.24025112
-2.539332586,53.54853195
-4.211554825,52.9322298
-2.327997226,52.70030587
-3.443165832,56.01759933
-2.637622273,49.04403321
-2.961660501,55.09659202
-3.076976408,57.568721
-2.432635231,55.46457916
-3.711761328,52.52588014
-2.578479013,52.52207587
-1.691702467,61.00460637
-3.431170763,64.15353514
-0.53635004,51.53302474
-3.2263479,52.38659966
-3.509571496,64.20478892
-3.055073848,54.13390159
-5.691036614,60.92580992
-3.732487715,56.99448271
-2.844582099,56.67389574
-3.301595494,65.49409594
-3.187889551,56.19472425
-3.497247408,49.03682547
-2.569330889,54.92202136
-3.822807862,60.34369464
-3.822581717,48.18463377
-5.319575197,50.4158819
-0.784476922,57.34244205
-3.670225315,49.96097255
-3.25813049,56.47347071
-1.012157072,49.52320991
-2.821262114,55.25315613
-4.259389729,60.32770815
-3.024207966,53.82647765
-3.084084551,51.35277144
-3.777677162,49.34701288
-3.810178066,52.73394311
-3.276984151,53.38545224
-3.114039965,48.62378716
-1.642849481,62.88527099
-3.146658899,55.29744972
-4.198135688,55.76378067
-3.185027053,53.09429596
-1.115374156,56.24554203
-4.648131094,57.27022873
-3.614333087,53.56216235
-3.142172293,57.28815044
-2.936930456,48.464374
-3.900693978,57.99293438
-3.109947236,52.07240332
-3.552115526,57.93926509
-3.871398087,50.24260598
-2.577386325,51.73257473
-4.298693664,58.54613587
-3.720142967,56.30736185
-4.39186653,61.56864389
-0.966896622,54.70426334
-2.011656935,53.78576468
-3.514473156,58.55570729
-0.956116577,49.09688322
-3.284439719,47.66852147
-2.537152828,63.37053903
-1.904212217,50.00888094
-2.8300141,62.68350772
-2.350117737,48.45496947
-2.973653019,60.4691741
-3.436897566,45.69919673
-1.776342474,49.20301415
-2.588297757,52.46484458
-1.926686421,57.53192038
-2.820513805,53.45117738
-3.610811032,57.14102269
-2.769782318,59.97497117
-0.829324239,54.77076829
-3.79020644,55.12282243
-2.685095291,48.58267456
-2.750222068,50.91139336
-1.615941375,57.45271347
-3.80058758,63.53134825
-2.755094906,59.98891351
-3.113588257,56.09114367
-5.332627578,50.93848515
-2.682618968,57.37817307
-4.395321839,58.59993708
-4.349045955,57.15922182
-4.528335263,51.96711376
-0.914570704,56.36093988
-0.903136297,60.73050532
-4.111331922,56.04929127
-2.362075417,64.62559753
-2.312599668,56.89757327
-3.899613632,55.5430862
-2.568558954,51.46130058
-2.232938924,57.38977919
-3.424378825,50.90050228
-3.800130015,49.75583156
-2.646279996,56.26388611
-2.148918144,51.65630656
-1.457245607,55.17136935
-1.827934358,58.39838699
-4.069519596,48.60497071
-3.996519401,59.2535074
-3.54119951,51.30452693
-2.079120919,54.62052283
-2.832169326,46.98546276
-2.86211491,54.21468543
-3.237304074,47.21352994
-1.266646061,56.01951419
-4.967097339,49.35927658
-2.277793091,55.71621191
-2.886089486,51.88319017
-2.440073539,55.59185548
-2.922814222,60.64613831
-4.855915571,47.72065063
-4.43671951,58.46235948
-3.968434426,53.28487037
-2.828649884,54.84030952
-3.934472387,64.49087422
-3.10210573,54.80646621
-3.314624131,51.77690596
-2.560266541,53.58352658
-1.977438206,62.14333805
-5.899721148,60.82120149
-3.96729411,51.91228315
-1.013112117,63.22763069
-2.394239676,59.09759667
-0.866895213,53.25895
-1.180233632,58.19838331
-1.927575638,59.05057556
-4.287751261,52.01388827
-3.075501866,56.65911832
-3.024520726,55.24539418
-6.001990204,57.74742887
-2.969744844,46.48830407
-3.550568088,50.62919314
-2.606795688,55.67054667
-3.624432947,49.73251575
-3.060520698,60.71410905
-2.536149543,47.94409437
-3.446184018,54.69944432
-2.447577244,55.8583352
-1.830506815,59.91625828
-3.46248239,50.58827531
-4.108038614,42.62736993
-3.097619182,56.86714618
-2.827301042,47.88490438
-5.123598052,51.32582773
-4.217126678,53.89550426
-3.964948297,54.65939526
-4.68467482,47.60241826
-2.900425867,51.57318272
-2.72350752,55.67203907
-3.125043543,57.17853179
-2.970943167,55.68158624
-3.043192368,53.12997582
-2.517776123,50.62988163
-3.838202437,48.49076379
-2.510890681,55.49917285
-3.332195009,54.85574636
-4.496477192,55.12564908
-1.490510473,59.13910414
-2.706393463,52.18059635
-4.0756819,56.088605
-3.008642597,49.01514951
-2.305350663,55.98172636
-3.271310495,56.76798653
-2.561646959,56.88709422
-4.178128108,54.77194577
-2.310935486,55.94973637
-2.132718863,54.41418342
-1.819836666,61.4044612
-2.625475705,52.49631909
-2.528302409,57.13871231
-3.860311587,51.66142565
-3.704797215,57.23115478
-1.048504196,62.61668999
-3.172332887,55.43076375
-2.229165299,53.9822568
-1.716345268,49.63583486
-1.797342879,61.7265367
-3.121073058,54.51925382
-2.116862091,57.11908925
-3.258273561,54.82586482
-2.713459858,62.13570737
-1.555898461,61.01167672
-4.280668443,49.98244413
-3.125467488,53.10507459
-2.36647753,53.64672442
-1.9652012,57.04529825
-2.46522671,51.55392381
-2.844088661,51.71272289
-2.750986664,58.8714977
-3.964243262,59.0754393
-4.31661795,52.90600127
-2.185582981,55.07716149
-3.29051518,59.72572763
-2.264686671,57.59175639
-4.660939826,55.26851515
-1.857301198,53.9709514
-3.464991807,57.91923076
-3.527745045,58.80342411
-4.456940494,50.35152909
-3.489359856,47.60700101
-3.819795067,53.74955915
-3.125374767,55.61124681
-4.040408463,55.40201238
-2.800324182,56.51498279
-3.87769044,53.49569868
-4.431817336,58.36798719
-3.977551431,58.38736431
-3.891030499,51.97820373
-2.238263424,50.54435221
-1.136256387,51.87805199
-2.664622884,47.2384118
-2.121021701,64.0962769
-4.717763311,54.20687273
-2.091028185,51.69160699
-1.662500275,57.49372111
-2.43140475,54.9991151
-1.985367006,52.55942787
-2.638891328,60.36950942
-3.53915003,62.64460122
-4.438619024,55.37328822
-3.737140078,54.85962217
-2.859422038,52.07208857
-2.762471862,54.97657954
-2.882497919,56.71553017
-2.023028777,57.86730157
-2.361418113,56.39826223
-4.410671863,63.52713902
-3.01478437,57.85839832
-3.505121636,57.9825146
-3.462380925,57.66328045
-1.58177373,55.57890443
-0.949050473,49.52778076
-2.992211182,60.86730738
-2.161269641,52.39109402
-2.753293006,60.99929601
-1.438984922,58.06564533
-3.548078814,60.18563271
-4.123719972,55.76806474
-1.743123876,54.89797629
-3.268916753,61.56345539
-3.394584671,49.72931444
-3.188340604,53.37175221
-3.46039241,56.59602849
-4.549601822,63.16932231
-2.680620235,59.09350705
-2.608672304,48.79332263
-3.242131059,56.21214625
-3.063890434,59.67292133
-3.002516032,58.87653841
-1.747232964,46.07565851
-2.020121121,59.28316909
-3.942900377,59.2837119
-2.618318787,59.53071538
-2.706284984,57.6900109
-2.676297906,59.24481515
-2.904687847,51.8868852
-5.228821205,54.43079684
-2.540073966,46.11416502
-2.779356347,64.42822852
-2.726848103,55.83138445
-3.155378043,59.99403037
-2.587786301,48.58113939
-2.124226834,54.89760826
-3.281870407,58.81054618
-5.655067696,50.16104579
-2.718180701,61.53668144
-2.958172911,53.79982346
-2.646016638,55.20392458
-2.914734655,49.74902667
-2.062287812,54.49204584
